clase,rank,token,chi2
3,1,salud,61.455510476769675
3,2,atencion,48.733749485595155
3,3,pacientes,27.143279782972968
3,4,pobreza,25.17542410488388
3,5,mental,24.88322982374707
3,6,medicos,24.21031747663163
3,7,atencion primaria,23.68984285832228
3,8,salud mental,22.236093013184608
3,9,enfermedades,20.928364811178582
3,10,educacion,18.661303076102563
